Price Image,Item Image,
download,"(4).jpeg,download",(5).jpeg
download,"(7).jpeg,download",(6).jpeg
download,"(9).jpeg,download",(8).jpeg
download,"(11).jpeg,download",(10).jpeg
download,"(13).jpeg,download",(12).jpeg
download,"(15).jpeg,download",(14).jpeg
download,"(17).jpeg,download",(16).jpeg
download,"(19).jpeg,download",(18).jpeg
download,"(21).jpeg,download",(20).jpeg
download,"(23).jpeg,download",(22).jpeg
download,"(25).jpeg,download",(24).jpeg
download,"(27).jpeg,download",(26).jpeg
download,"(29).jpeg,download",(28).jpeg
download,"(31).jpeg,download",(30).jpeg
download,"(33).jpeg,download",(32).jpeg
download,"(35).jpeg,download",(34).jpeg
download,"(37).jpeg,download",(36).jpeg
download,"(39).jpeg,download",(38).jpeg
download,"(41).jpeg,download",(40).jpeg
download,"(43).jpeg,download",(42).jpeg
download,"(45).jpeg,download",(44).jpeg
download,"(47).jpeg,download",(46).jpeg
download,"(49).jpeg,download",(48).jpeg
download,"(51).jpeg,download",(50).jpeg
download,"(53).jpeg,download",(52).jpeg
download,"(55).jpeg,download",(54).jpeg
download,"(57).jpeg,download",(56).jpeg
download,"(59).jpeg,download",(58).jpeg
download,"(61).jpeg,download",(60).jpeg
download,"(63).jpeg,download",(62).jpeg
download,"(65).jpeg,download",(64).jpeg
download,"(67).jpeg,download",(66).jpeg
download,"(69).jpeg,download",(68).jpeg
download,"(71).jpeg,download",(70).jpeg
download,"(73).jpeg,download",(72).jpeg
download,"(75).jpeg,download",(74).jpeg
